,email_id,label,body
0,1,Enquiry,we have received the following question from the wall street journal and bloomberg. we will not necessarily respond but would you please provide answer and let me know your view whether or not we should respond to the following: have you had any further contact from fitch? ha there been a change in status to the sec inquiry? which office is handling fort worth? have you been contacted by the federal reserve or any other agency conducting an investigation? have you been in contact with or retained bankruptcy counsel? have you been contacted about a takeover royal dutch/ge? have you retained goldman sachs to advise you on credit rating/financing issue or to find a strategic partner? will they receive an equity stake to help enron get out of it current situation? these reporter are on deadline tonight so let me know a soon a possible. thank you.
1,2,Enquiry,"jeff, a always your proposal is creative. after reviewing your presentation, here are some tough question that we can discus tomorrow: 1. would the replacement energy from the market be obtained under contract of similar length and firmness a the qf contract that the energy replaces? if not, how do we justify a different standard? 2. can we credibly say that the california economy and reliability will be served by shifting energy supply from california to a broader western market? 3. will ferc be convinced by the argument on competitive issues, or will it view this a something that further concentrate market power? 4. do we need outright acquisition rather than contracts? 5. can we structure a creative way to allow the qfs to participate in the upside over the long term (i.e. the higher priced years)? 6. how would we be assured that sce would use any fund from this to pay qfs and keep them running? i look forward to discussing these tomorrow. mike"
2,3,Enquiry,"in preparation for friday's bank conference, cheryl lipshutz and i are sitting with the bank right now and we understand that you are meeting with them at 2pm this afternoon. here is a list of the initial question they are posing to the rac group: rac 1. doe var analysis take care of the quality of the assets? 2. what is the correlation matrix? how often is it updated and validated? 3. can you discus reserve methodology? 4. can the bank get more detail of enron's current asset/position breakdown? credit 1. bank debt on the balance sheet? these are the issue right now. if you have any further questions, please let me know. thanks, james"
3,4,Enquiry,"our analysis show a 35% increase in shipping cost for international orders. ha the logistics team evaluated alternative carrier for these routes? the current delivery timeframes have increased by an average of 7 days, which is causing customer satisfaction issue in our european markets. the cost differential between domestic and international shipping ha grown from 2.8x to 4.3x in just one quarter. is this a temporary spike related to fuel costs, or are there structural issue with our distribution network that need to be addressed? can you provide a breakdown of which product category are most affected by these increases? we need to determine whether selective price adjustment might be necessary. thank you for looking into this."
4,5,Enquiry,"our customer satisfaction metric have declined 15% since implementing the new billing system last quarter. ha the customer service team identified specific functionality issue that might be causing this drop? i've received numerous complaint about invoice error and delayed response time from our key accounts. the data show that call resolution time have increased from an average of 8 minute to nearly 17 minutes, while first-call resolution ha dropped from 76% to 52%. ha it conducted any post-implementation review to address these concerns? are there plan to revert to the previous system if these issue can't be resolved quickly? our quarterly business review is coming up, and i need to provide the executive team with specific remediation actions. can you share the current troubleshooting plan and timeline?"
5,6,Enquiry,"the operational performance metric for the western region show a 23% increase in delivery failure compared to last quarter. ha the logistics team identified the root cause for these failures? our initial analysis suggests problem with both the scheduling system and third-party carriers. is this a temporary situation related to the recent software upgrade, or have there been personnel change that might be affecting performance? the customer impact is becoming significant, with several key account threatening to reduce their orders. what corrective action have been implemented, and when can we expect to see improvements? do we need to allocate additional resource to this region while the issue are being resolved? please provide an update by thursday so i can address these concern in the divisional meeting."
6,7,Enquiry,"the alpha project is showing a 30% schedule variance according to last week's status report. ha the project team identified specific bottleneck causing these delays? the original timeline projected completion by march, but current projection indicate a potential slip to may or june. have the required resource been fully allocated to the critical path activities? our stakeholder analysis suggests that several key deliverable are dependent on technical resource that appear overcommitted. what mitigation strategy are being considered? would adding external consultant help accelerate the timeline, or are there fundamental scope issue that need to be addressed? i need to update the steering committee next week, so a comprehensive status update would be appreciated."
7,8,Enquiry,"dear jeffrey: will you be able to join other venturewire subscriber in the bay area for this month's breakfast briefing? we'll be gathering at the san mateo marriott on wednesday, september 19 to hear mark klopp's thought on this month's topic: when corporate and venture world collide: aligning strategic and financial goal in corporate venturing what approach to corporate venturing is most beneficial for startups? can startup compete for talent with corporate-funded rivals? why are some corporation abandoning their venture programs? is your startup a candidate for corporate venture funding? join u on wednesday at 8 a.m. for this important discussion. space is limited to 40 guests. please reserve your space by return e-mail."
8,9,Enquiry,"order processing time have increased 25% since implementing the new workflow system last month. ha the operation team identified specific bottleneck in the process? customer complaint about late delivery have increased dramatically, and our on-time delivery metric ha dropped from 94% to 81%. according to our system logs, the order validation step now take three time longer than before, and we're seeing a 40% increase in exception handling. have any configuration change been made that might explain these issues? what step can we take immediately to improve performance while a more permanent solution is developed? would reverting to the previous workflow make sense, or are there quick fix we can implement? i need recommendation by friday so we can discus them in the operation review meeting."
9,10,Enquiry,"customer feedback show growing confusion about our new pricing model. ha the marketing team tested alternative way to present this information? our conversion rate ha dropped 18% since the rollout, and customer service report that 32% of all call now relate to pricing questions. the web analytics show that visitor are spending three time longer on the pricing page but are 45% less likely to proceed to the purchase flow. is the complexity of the tiered structure causing decision paralysis? have we considered running focus group to better understand customer pain points? should we simplify the pricing structure, even if it mean potentially lower revenue for some customer segments? please share your thought on how we can address this growing concern."
10,11,Enquiry,"help desk ticket for password reset have increased 45% since the new security policy implementation. is it possible to simplify the authentication requirement without compromising security? the average employee now spends approximately 7.5 minute per week just managing passwords. the data show that 23% of all support call are now password-related, up from just 8% last quarter. is this just an adoption curve issue that will improve over time, or have we made the requirement too complex for regular users? could we implement single sign-on for more system to reduce the burden? are there other company in our industry that have found a better balance between security and usability? i'd appreciate your thought on how we might improve this situation while maintaining our security posture."
11,12,Enquiry,"ha there been any further progress on the negotiation with the third-party supplier for the eastern region? our inventory forecast show we'll reach critical level in roughly 45 day if the new agreement isn't finalized. the pricing differential between the current and proposed supplier represents approximately $1.2m in annual savings. have we evaluated contingency option if this deal fall through? what alternative supplier could meet our volume requirement with minimal quality compromises? could we temporarily shift some production to our internal facility to reduce dependence on this supplier? what would be the cost implication of such a move? i need to update the procurement committee next week, so any information you can provide would be helpful."
12,13,Enquiry,"the collateral optimization model is showing a 14% increase in required margin deposit despite relatively stable positions. initial analysis suggests change in correlation assumption might be responsible, but documentation is unclear. ha the quantitative team modified the diversification benefit calculation in the latest release? we need to understand these change to properly manage funding requirement across trading desks. the model previously applied a correlation factor of 0.65 for related energy commodities, but it appears this may have been reduced to 0.4 in the current version. what market data support this change? could you arrange a meeting with the risk modeling team to walk through the recent modifications? this funding impact is significant enough to affect our liquidity forecast for the quarter."
13,14,Enquiry,our analysis show an unexpected increase in customer support contact specifically related to account access issues. ticket volume ha increased by 68% for password reset and security verification process without corresponding change to our authentication systems. ha the it security team implemented any new validation rule or lockout thresholds? understanding these technical constraint is essential for balancing security requirement with user experience considerations. the data indicates that 73% of these incident occur during the first login attempt after the weekend. is there a session timeout parameter that need adjustment? ha there been any recent security patch that might be affecting the authentication flow? we need to address this quickly a it's creating significant frustration among our highest-value customers.
14,15,Enquiry,"supply chain delay affecting european component deliveries. lead time increased from 23 to 38 day without vendor communication. ha procurement identified regional logistics constraints? understanding these factor critical for production scheduling. our analysis show most delay originating at rotterdam port, with container processing time doubled since last quarter. is this related to the new custom procedures, or are there capacity issue with our freight forwarder? the delay have already impacted three production runs, with potential revenue impact of approximately â‚¬1.2m if not resolved within two weeks. have we considered air freight alternative for critical components? could you provide a detailed breakdown of which skus are most affected so we can prioritize our response?"
15,16,Enquiry,"customer service satisfaction score have declined 14 point since implementing the new phone system. ha the support team identified specific functionality issue affecting call quality? survey response indicate that 42% of customer report having to repeat information multiple time during transfers. the average handle time ha increased by 3.2 minute per call, and abandonment rate have risen from 6% to 17%. is this primarily a training issue for the staff, or are there technical limitation in the system that need to be addressed? have we considered rolling back to the previous system until these issue are resolved? what is the projected timeline for fixing the most critical problems? i'd appreciate a comprehensive analysis of the situation and proposed remediation step by the end of the week."
16,17,Enquiry,we've noticed a 27% increase in raw material cost for our primary product line this quarter. ha the procurement team identified alternative supplier or substitute materials? margin analysis indicates we'll need to increase price by 8-12% to maintain profitability if these cost persist. the future market suggests these increase may not be temporary. have we secured any longer-term contract to hedge against continued inflation? what price sensitivity model have been run to determine the potential impact on demand? should we consider reformulating certain product to reduce dependency on the most volatile materials? what would be the r&d timeline for such changes? please provide an assessment of our option before the quarterly planning meeting next week.
17,18,Enquiry,"the new marketing automation platform implementation is showing concerning adoption rates. only 32% of the marketing team is regularly using the system after three weeks, compared to our target of 75%. ha the training team identified specific feature that user are struggling with? our analysis show that campaign creation time have actually increased by 47% compared to the old system. is this a temporary learning curve issue, or are there workflow inefficiency that need to be addressed? ha the vendor provided any benchmark data on typical adoption rate and time-to-proficiency? are there configuration change that could simplify the most common tasks? what additional resource would be needed to accelerate adoption and realize the projected efficiency gain by next quarter?"
18,19,Enquiry,"we've observed a significant discrepancy between forecasted and actual energy consumption at our chicago facility. october usage wa 28% above projections, resulting in approximately $45,000 in unanticipated costs. ha the facility team identified specific equipment or operational change that might explain this variance? the hvac system runtime log show increased activity despite moderate weather conditions. have there been thermostat setting change or calibration issue that could account for this? our analysis indicates the consumption pattern changed abruptly in the third week of september. wa any new equipment installed or were operating hour extended around this time? could you arrange a comprehensive energy audit to identify potential inefficiencies? this trend, if continued, would significantly impact our annual operating budget."
19,20,Enquiry,"the revenue recognition algorithm ha flagged an unusual pattern in the western region's transactions. contract value appear to have increased by an average of 22% while actual delivery quantity have remained relatively flat. ha the sale team modified their pricing strategy, or could this indicate potential revenue recognition issues? our analysis show that most of this variance is concentrated in multi-year agreements, where first-year value have increased significantly while total contract value remain consistent with historical patterns. is this a deliberate shift in how we're structuring these deals? have we received any feedback from the auditor on this approach? are there compliance consideration we should be addressing before the quarterly financial close? i'd appreciate your insight on this matter a soon a possible."
20,21,Enquiry,"customer acquisition cost have increased 38% over the past quarter while conversion rate have declined by 12%. ha the marketing analytics team identified specific channel or campaign driving this negative trend? our dashboard show particularly poor performance from paid search, where cost per click ha nearly doubled. the competitive analysis indicates several new entrant aggressively bidding on our core keywords. have we evaluated alternative targeting strategy that might be more cost-effective in this environment? what attribution model adjustment might give u better insight into which touchpoints are truly driving conversions? our current last-click model may be undervaluing certain top-of-funnel activities. could you prepare a revised channel strategy for review that address these concerns? we need to reverse this trend before it significantly impact our unit economics."
21,22,Enquiry,"the quarterly compliance audit ha flagged a 35% increase in documentation exception for the western region. ha the regional management team identified process change or staffing issue that might be contributing to this trend? our preliminary analysis show most exception related to incomplete customer verification steps. is this primarily a training issue, or are there system limitation making it difficult for representative to complete all required fields? the pattern suggests particular difficulty with the new regulatory requirement implemented last quarter. have similar issue been observed in other region using the same process and systems? what best practice from better-performing area might be transferable? please provide an assessment of the situation and proposed remediation plan by monday, a we'll need to discus this with the compliance committee next week."
22,23,Enquiry,"our analysis of the project portfolio show that 42% of initiative are currently behind schedule, up from 28% last quarter. ha the pmo identified common factor contributing to these delays? resource constraint appear to be a recurring theme in the status reports, particularly for technical specialists. the data suggests that initial estimate are increasingly unreliable, with actual delivery time averaging 1.7x the projected timelines. are we applying consistent estimation methodology across teams, or is each group using their own approach? have we considered implementing a more rigorous stage-gate process to catch potential issue earlier? what additional tool or metric might give u better visibility into developing problems? i'd appreciate your thought on how we might improve our project delivery performance in the coming quarter."
23,24,Enquiry,"the employee engagement survey result for q3 show a 17-point decline in satisfaction with management communication. ha the executive team analyzed specific feedback theme that might explain this drop? the most significant decrease were in transparency about company direction and feeling informed about change affecting teams. department-level analysis show particular concern in product development and customer operations, where score have fallen below the 25th percentile benchmark. have recent reorganization or leadership change in these area been effectively communicated? what communication strategy adjustment are being considered to address these concerns? are there successful approach from higher-scoring department that could be adopted more broadly? i'd welcome your perspective on this issue before the all-hands meeting next week."
24,25,Enquiry,the annual security assessment identified a 42% increase in vulnerable endpoint compared to last year's review. ha the it team determined whether this is due to growth in our environment or deterioration in our security posture? the report specifically highlight unpatched system and non-compliant configuration a primary concerns. our analysis indicates that approximately 65% of these vulnerability exist in departmental system outside central it management. have we considered expanding the scope of our unified endpoint management solution to include these assets? what additional resource would be required to address the highest-risk item within the next 30 days? are there automated remediation tool that could accelerate this process? please provide a prioritized remediation plan with timeline and resource requirement by the end of the week.
25,26,Enquiry,"the sale pipeline analysis show a concerning 28% decrease in qualified opportunity for the enterprise segment this quarter. ha the sale leadership team identified market factor or competitive change that might explain this trend? our win rate ha remained relatively stable, suggesting the issue lie in top-of-funnel activities. the data indicates that lead-to-opportunity conversion ha fallen most dramatically for financial service and healthcare verticals. have there been regulatory change or industry-specific concern affecting these sectors? what adjustment to our marketing messaging or sale approach are being considered? should we revisit our ideal customer profile given these changing dynamics? i'd appreciate your assessment of the situation and recommended action before the quarterly sale planning session next week."
26,27,Enquiry,"our analysis of the new product launch show adoption rate 43% below projection after the first month. ha the product team identified specific feature or positioning element that might be missing customer expectations? the usage data indicates most user abandon the onboarding process at the integration step. customer interview suggest that the implementation requirement may be more complex than we communicated. have we adequately resourced the customer success team to support user through this process? is the current pricing structure aligned with the perceived value, especially given the implementation effort required? what quick win could we implement to improve the user experience while more substantial change are developed? please provide your assessment of the situation and recommended next step by monday so we can discus them in the product review meeting."
27,28,Enquiry,"the latest market intelligence report indicates our main competitor ha reduced price by 15-20% in the enterprise segment. ha the competitive analysis team evaluated how this will impact our win rate and deal sizes? our current model suggest we could lose up to 25% market share in this segment if we don't respond. the timing coincides with their recent funding round, suggesting this may be a sustained strategy rather than a temporary promotion. have we modeled various response scenario and their impact on our unit economics? what non-pricing differentiator could we emphasize more strongly to justify our premium? are there bundle opportunity that might provide more value while preserving margins? i'd appreciate your thought on our optimal response strategy before the executive committee meeting on thursday."
28,29,Enquiry,we've observed a 34% increase in infrastructure cost despite relatively stable usage patterns. ha the cloud operation team identified potential inefficiency or architectural issue driving this trend? our analysis show particular growth in data transfer and storage costs. the usage pattern suggest we may not be effectively utilizing reserved instance or taking advantage of cost optimization features. have we conducted a thorough review of our infrastructure configuration against current best practices? what automated cost management tool have we evaluated? several of our industry peer have reported significant saving through implementation of these solutions. could you prepare a cost optimization roadmap with projected saving and implementation timeline for review at next week's technology steering committee?
29,30,Enquiry,"the monthly risk dashboard show a significant increase in policy exception for the european division, with violation up 47% compared to baseline. ha the compliance team identified specific regulatory change or process modification that might explain this trend? the majority of exception relate to documentation completeness and verification timeliness. regional management suggests that recent system change have created workflow inefficiencies, requiring staff to use manual workarounds. have we evaluated the impact of these change on productivity and compliance? what immediate step can be taken to address the highest-risk exceptions? are there opportunity to streamline process while maintaining regulatory compliance? please provide a comprehensive assessment and remediation plan by friday, a we'll need to report on this situation to the audit committee next week."
30,31,Enquiry,"our analysis of the new marketing campaign show conversion rate 32% below forecast, despite traffic metric meeting expectations. ha the digital team identified element of the landing page or checkout process that might be creating friction? heatmap data suggests user are getting confused at the product selection step. a/b testing on the call-to-action messaging show the original version outperforming the new copy by a significant margin. have we considered reverting this element while maintaining the updated visual design? mobile conversion rate appear particularly affected, with a 54% drop compared to desktop. are there responsive design issue that need urgent attention? please provide an assessment of the critical issue and proposed solution so we can implement change before the campaign budget is further depleted."
31,32,Enquiry,"the quarterly business review indicates customer churn ha increased from 4.7% to 7.2% over the past three months. ha the customer success team identified common reason cited in exit interviews? our preliminary analysis show particular vulnerability among customer in the 7-12 month lifecycle stage. usage data for churned account show a 38% decline in platform engagement in the week preceding cancellation. are there early warning indicator we could monitor more proactively? the financial impact of this trend represents approximately $2.8m in annual recurring revenue. what retention initiative have been evaluated, and what resource would be required to implement them? i'd appreciate your assessment and recommendation before the executive planning session next week."
32,33,Enquiry,"our analysis show that the development team's velocity ha decreased by 31% over the last three sprints. ha the engineering management identified specific impediment causing this slowdown? the quality metric remain stable, suggesting this isn't due to increased focus on technical debt. the data indicates a growing backlog of blocked items, primarily waiting on dependency from the infrastructure team. is this related to the recent reorganization, or are there resource constraint affecting cross-team collaboration? have we considered adjusting our sprint planning process to better account for these dependencies? what process change might improve our ability to deliver predictably? please provide your assessment and recommendation for addressing this trend before it impact our quarterly delivery commitments."
33,34,Enquiry,the monthly security report show a 78% increase in attempted breach targeting our customer data environment. ha the security team identified any pattern that might indicate a coordinated attack rather than random probing? the log show particular focus on our api endpoint and authentication systems. our analysis indicates that approximately 23% of these attempt use credential that appear valid but fail secondary verification steps. is there evidence of a potential data breach from a third-party source exposing customer information? what immediate step are being taken to strengthen our security posture? are there additional monitoring or protection measure that should be implemented on an emergency basis? please provide a comprehensive assessment of the situation and recommendation for both immediate and longer-term security enhancements.
34,35,Enquiry,"we're seeing a concerning trend in our quality metrics, with defect rate up 28% in the last quarter. ha the manufacturing team identified process change or supplier issue that might explain this increase? the data show particular problem with the electronic component from our singapore facility. the pattern suggests issue with a specific batch of material received in august. have we conducted a thorough analysis of incoming quality check and whether procedure were followed correctly? what immediate corrective action have been implemented, and how are we preventing potentially defective unit from reaching customers? have we quantified the financial impact of rework and potential returns? please provide a detailed assessment and remediation plan before the weekly operation review meeting."
35,36,Enquiry,the latest market research indicates our brand awareness ha dropped 12 percentage point among our core demographic over the past six months. ha the marketing team identified specific factor contributing to this decline? our share of voice analysis show competitor have increased their medium spend significantly during this period. customer survey data suggests confusion about our value proposition following the recent product line expansion. are we effectively communicating how our various offering relate to each other and the core brand promise? what adjustment to our marketing strategy are being considered to address this trend? are there opportunity to consolidate our messaging for greater impact with the same budget? i'd appreciate your assessment and recommendation before the brand strategy session next month.
36,37,Enquiry,"the data center migration project is currently showing a 45% schedule variance, with completion now projected for august rather than may. ha the infrastructure team identified specific challenge causing these delays? the status report mention unexpected complexity in the legacy systems, but lack specific details. our analysis indicates that the testing phase is taking substantially longer than planned, with migration validation requiring approximately twice the estimated effort. have we underestimated the complexity of our environment, or are there process inefficiency that could be addressed? what mitigation strategy are being considered to accelerate the timeline? would additional resource help, or are there fundamental technical challenge that need to be resolved? please provide a detailed assessment and revised project plan by friday."
37,38,Enquiry,"the vendor evaluation committee ha identified three finalist for the new crm system, but our analysis show significant variation in their tco calculations. ha the it team developed a standardized model that account for all implementation, licensing, and operational costs? initial estimate range from $1.2m to $2.8m over five years. the feature comparison indicates that vendor b lack native integration with our marketing automation platform, which could require additional development work. have these cost been fully factored into the tco model? our customer service team ha expressed concern about the user interface of vendor c, suggesting potential training and adoption challenges. have we conducted sufficient hands-on testing with actual user to validate these concerns? what additional evaluation step would you recommend before making a final decision?"
38,39,Enquiry,"we've observed unusual trading pattern in the natural gas future market over the past week, with volatility 62% higher than seasonal norms. ha the risk management team analyzed potential factor driving these fluctuations? weather forecast don't appear to explain the magnitude of these moves. our position analysis show potential exposure of approximately $8.2m if these condition persist. have we considered adjusting our hedging strategy to mitigate this risk? the pattern somewhat resembles the market disruption we saw in 2018, which wa later attributed to a large player unwinding positions. are there indicator of similar institutional activity in the current market? please provide your assessment of the situation and any recommended change to our trading strategy or risk limits."
39,40,Enquiry,"our analysis of the new compensation structure show concerning trend in the sale organization, with top performer retention down 18% since implementation. ha hr identified specific element of the plan that might be driving this attrition? the data suggests particular dissatisfaction with the extended vesting schedule and higher quota thresholds. competitor intelligence indicates several firm are specifically targeting our sale talent with accelerated vesting and guaranteed first-year compensation packages. have we conducted a thorough market comparison to ensure our total compensation remains competitive? what short-term adjustment could be made to address retention concern while a more comprehensive review is conducted? are there non-monetary incentive that might help bridge the gap? please provide your assessment and recommendation before the executive compensation committee meeting next week."
40,1,Confirmation,a non corp password request ha been made for gerald.nemec enron.com your non corp password for erequest is 9829 . without quote to use this password go to the erequest website http: itcapps.corp.enron.com srrs entry and click on non corp logon. type in your email address and the password above and click the log in button to log on to erequest. to submit feedback on erequest go to the feedback page at http: itcapps.corp.enron.com srrs feedback .
41,2,Confirmation,deal move ha been completed and retranslated. cecilia
42,3,Confirmation,the payment status ha changed on the following report: status last changed by: system expense report name: group outing report total: 410.95 amount due employee: 410.95 amount approved: 410.95 amount paid: 0.00 approval status: approved payment status: processed to review this expense report click on the following link for concur expense. http: expensexms.enron.com
43,4,Confirmation,dear market participant technical bulletin 77 generator start up cost guarantee ha been revised in response to market participant comment and will soon be posted to the nyiso web site. for your convenience clean and redlined version of the technical bulletin are attached. the purpose of our technical bulletin is to facilitate participation in the nyiso by communicating various nyiso concept technique and process to market participant before they can be formally documented in a nyiso manual. question should be directed to your customer account representative or the help desk at 518 356 6060. regard peter lemme nyiso customer technical service see attached file: tb 77 redline.pdf see attached file: tb 77.pdf tb 77 redline.pdf tb 77.pdf
44,5,Confirmation,conference room ecs06118 ha been reserved for houston participants.
45,6,Confirmation,contract 08110 wa approved at 10 25 2001 10:14:23 pg e national energy group and any other company referenced herein that us the pg e name or logo are not the same company a pacific gas and electric company the regulated california utility. neither pg e national energy group nor these other referenced company are regulated by the california public utility commission. customer of pacific gas and electric company do not have to buy product from these company in order to continue to receive quality regulated service from the utility.
46,7,Confirmation,this is complete. these deal have been moved previously. thanks. pl
47,8,Confirmation,this is an automatically generated delivery status notification. your message ha been successfully relayed to the following recipient but the requested delivery status notification may not be generated by the destination. nathoo blackstone.com
48,9,Confirmation,the payment status ha changed on the following report: status last changed by: kerry harrington expense report name: 2001 april report total: 10 063.91 amount due employee: 10 063.91 amount approved: 10 063.91 amount paid: 0.00 approval status: pre approved payment status: authorized to review this expense report click on the following link for concur expense. http: xms.enron.com
49,10,Confirmation,reservation status ha changed. detail of the reservation are listed below: assignment ref 27882 seller code azps seller dun 958982563 customer code epmi customer dun 848921276 affiliate flag 0 path name w azps azps azps fourcorne345 pnpkaps230 point of receipt fourcorne345 point of delivery pnpkaps230 source presched sink presched capacity 25 capacity requested 25 service increment hourly t class firm t type point to point t period off peak t window fixed t subclass wheel nerc curtailment priority nerc priority 1 other curtailment priority default start time 01 11 2002 stop time 01 13 2002 ceiling price 1.95 offer price 1.95 bid price 1.95 price unit mw preconfirmed yes anc svc link n a anc svc req n a posting ref 0 sale ref request ref deal ref negotiated price flag status confirmed status notification holden.salisbury enron.com status comment time queued 01 10 2002 time of last update 01 10 2002 primary provider comment seller comment customer comment seller name azps seller phone 602.250.1128 seller fax 602.250.1155 seller email oasisadm apsc.com customer name enron power marketing inc. customer phone 713 853 3801 customer fax 713 646 8272 customer email bill.rust enron.com reassigned ref 0 reassigned capacity 0
50,11,Confirmation,attached is the capital charge file which ha been corrected for a formula error in august. i appreciate everyone s effort in auditing this.
51,12,Confirmation,reservation status ha changed. detail of the reservation are listed below: assignment ref 27855 seller code azps seller dun 958982563 customer code epmi customer dun 848921276 affiliate flag 0 path name w azps azps azps fourcorne345 pnpkaps230 point of receipt fourcorne345 point of delivery pnpkaps230 source presched sink presched capacity 25 capacity requested 25 service increment hourly t class firm t type point to point t period off peak t window fixed t subclass wheel nerc curtailment priority nerc priority 1 other curtailment priority default start time 01 09 2002 stop time 01 10 2002 ceiling price 1.95 offer price 1.95 bid price 1.95 price unit mw preconfirmed yes anc svc link n a anc svc req n a posting ref 0 sale ref request ref deal ref negotiated price flag status confirmed status notification holden.salisbury enron.com status comment time queued 01 08 2002 time of last update 01 08 2002 primary provider comment seller comment customer comment seller name azps seller phone 602.250.1128 seller fax 602.250.1155 seller email oasisadm apsc.com customer name enron power marketing inc. customer phone 713 853 3801 customer fax 713 646 8272 customer email bill.rust enron.com reassigned ref 0 reassigned capacity 0
52,13,Confirmation,the company is 50 mw s long onpeak under deal 683846.1. either leave in the pool or sell balance of the day. the sale side should go under ercot option book. the power is currently scheduled to the north zone. jmf
53,14,Confirmation,facundo: essie and i will confirm with donette tomorrow but for the time being plan on reversing the 710 million book loss on the entity listed below if you determine that they were in fact booked and include schedule m adjustment to deduct a interest expense the purchase price paid by harrier 6 mill. roadrunner and grizzly 15 mill. each and pronghorn 1 000 for the lower tier entity purchased from ljm. we will confirm and let you know before noon tomorrow. thanks john.
54,15,Confirmation,hi christi and sarah a you know the deadline for filing response to translink s itc pleading ha been postponed until late november. i had prepared the attached draft for the october 29 filing date... we have time to revise the draft to conform it with anything ferc will say prior to the response date i m aware that the commissioner have put the question of miso appendix i back on the table ; in the meantime i would really appreciate your review and comment on the attachment.
55,16,Confirmation,the deal have been moved to ena ft wt socal and retranslated successfully. cecilia
56,17,Confirmation,the preliminary violation memo for 11 20 01 have been published and are available for viewing on the erv: http: erv.corp.enron.com violation notification memo section.
57,18,Confirmation,gerald here is what i have so far for the draft confirmation for mariner. a we discussed i need you to add the language that state that at the seller s option we will release a given property for the remainder of the term of the contract if we are unable to move the gas from that property due to transportation. thanks judy
58,19,Confirmation,all of these deal have been auto scheduled hopefully that will fix any error with balancing for 10 2
59,20,Confirmation,the ets it team ha been appropriately placed in the pep system in the 10 80 10 categories.
60,21,Confirmation,for tomorrow we need to sell the following: he 5 30mw s he 6 30mw s he 7 65 mw s the sale go into the teco service book. the length is currently scheduled to load in enpower and the qse mo system. thanks jmf
61,22,Confirmation,we ve changed the weekly scheduled meeting to accommodate more people s calendars: when: every tuesday when: 3pm where: 15c1
62,23,Confirmation,mryantaber nyiso.com writes to the nyiso tech exchange discussion list: dear mswg members. a meeting of the market structure working group ha been scheduled for monday august 27 2001 from 10:00 4:00 at the ny nurse association 11 cornell road latham ny. agenda and meeting material will be sent at a later date. teleconferencing information is a follows: dial in number: 601 354 1086 participant code: 115522 regard monica ryan taber 518 356 6222
63,24,Confirmation,the following late pending nom ha been rejected: company: 000236 arng: 37147 01961 eff date: 2001 11 27 nominated location quantity receipt p1037186 1 767 delivery p1037147 1 767 rejected reason: pool out of balance this document wa created by tco2114 in the db2p subsystem in trans id smi0 program tj90018
64,25,Confirmation,the amendment for south jersey resource ha been updated by legal.
65,26,Confirmation,this is a courtesy copy of your invoice that you just created on www.auctionhelper.com. the seller ha been notified and should follow up shortly. seller address: discount sportscard co. 15411 red hill ave. suite a tustin ca 92780 phone: 1 714 259 9200 ship
66,27,Confirmation,the pulp weekly meeting scheduled by rodney malcolm for every monday at 9:00am to 10:00am will now be held in video conference room ec 04075 new building . the london team will be participating via video conference. thanks ana alcantara
67,28,Confirmation,we have received an executed financial master agreement: type of contract: isda master agreement multicurrency cross border effective date: august 30 2001 enron entity: enron north america corp. counterparty: ppl energyplus llc transaction covered: approved for all product with the exception of: foreign exchange confirming entity: enron north america corp. governing law: new york special handling requirements: no special handling requirement copy will be distributed. stephanie panus
68,29,Confirmation,folk can ye guy confirm if you can attend lunch and also i still need 2 people for the office visit!. your time is appreciated. thx. karen x54667.
69,30,Confirmation,sara i called scott with no answer. my contact doe not know who he is but suggested you could send the eci and ena agreement to her and she would ensure both were put in place with her legal and compliance people. you can send the completed agreement
70,31,Confirmation,the approval status ha changed on the following report: status last changed by: automated administrator expense report name: group outing report total: 410.95 amount due employee: 410.95 amount approved: 410.95 amount paid: 0.00 approval status: pending payment status: pending to review this expense report click on the following link for concur expense. http: expensexms.enron.com
71,32,Confirmation,the payment status ha changed on the following report: status last changed by: system expense report name: 2001 april report total: 10 063.91 amount due employee: 10 063.91 amount approved: 10 063.91 amount paid: 0.00 approval status: approved payment status: in progress to review this expense report click on the following link for concur expense. http: xms.enron.com
72,33,Confirmation,dave a per previous discussion i am very concerned with canada not using ubs ag a the contracting party. additionally lou eber ha confirmed with me a number of time that ubs ag doe not guarantee subsiduaries but rather ubs is good for it . this will not work.
73,34,Confirmation,debra and gerald attached is a worksheet with the credit term that i would require in a gtc confirmation: greg i will call you about this. thanks jay
74,35,Confirmation,ferc today issued draft order denying rehearing in the following: kern river cp01 31 2002 expansion project rejected argument of the firm customer that the project should not have been approved or alternatively the right of the expansion shipper at wheeler ridge should be subordinate to those of the existing shippers. pg e gas transmission nw cp01 141 2001 expansion rejected newport northwest llc s assertion that requiring the expansion shipper to pay a fuel cost surcharge to recover any incremental fuel cost due to the additional compression approved for this project is contrary to ferc precedent and the policy statement on expansion facilities. these order should be issued within the next few day and we will circulate copies. let melinda know if you want to see the draft copy before then they are not available electronically .
75,36,Confirmation,final reminder if you are a participant in the enron corp. saving plan all trade among your investment fund must be completed by 3:00 pm cst friday october 26. the makeup of your investment fund in the saving plan at 3:00 p.m. october 26 will reflect your investment decision for the duration of the transition period.
76,37,Confirmation,the approval status ha changed on the following report: status last changed by: barry l. tycholiz expense report name: mw112801 report total: 127.42 amount due employee: 127.42 amount approved: 127.42 amount paid: 0.00 approval status: approved payment status: pending to review this expense report click on the following link for concur expense. http: expensexms.enron.com
77,38,Confirmation,you have received this message because someone ha attempted to send you an e mail from outside of enron with an attachment type that enron doe not allow into our messaging environment. your e mail ha been quarantined and is being held at the mailsweeper server. sender: daphneco64 alltel.net date: fri 28 dec 2001 09:28:35 0600
78,39,Confirmation,steve and i have been asked whether we will be signing the document that you previously signed or whether they should continue to go you. if the officer status is not required for tpa s electronic information access transportation contract etc we d be happy to pick up the responsibility. let u know which direction you d like to go and we will inform the group. brad
79,40,Confirmation,the approval status ha changed on the following report: status last changed by: barry l. tycholiz expense report name: 121001 report total: 198.98 amount due employee: 198.98 amount approved: 198.98 amount paid: 0.00 approval status: approved payment status: pending to review this expense report click on the following link for concur expense. http: expensexms.enron.com
80,1,Complaint,please note that the issue we observed on 10 23 when copy and paste value from excel to curve manager ha been resolved now. \n\nin case you didn t realize what the issue was: we couldn t copy more than 12 price at a time from excel to curve manager.\n\nplease let risk know if your curve manager is still not working.\n\nthanks \nfran
81,2,Complaint,i m concerned about the 2nd bullet. we ve been taking the position that we don t want this payment of px credit issue in this proceeding the free for all proceeding. have we changed our position? if not i am concerned that edison will either state directly or give the impression that it s part of the barnett proceeding.
82,3,Complaint,we are currently experiencing a problem with our ability to display pay checks. we are addressing the issue at this time and will provide you with update a we have additional information.\n\ncontact:\n\ncontact:\n\ncontact information:\n\nisc customer care \n\n713 345 4727
83,4,Complaint,attached is the capital charge file which ha been corrected for a formula error in august. i appreciate everyone s effort in auditing this.
84,5,Complaint,stan rod and danny: following is an outline of the issue i d like to cover tomorrow. the last point is the most important so we can blow through the preliminary a fast or slow a is appropriate. \n\n \n1. current status of proceeding\n\t briefing is complete\n\t minor skirmishing on page limit and staff motion to strike still going on argument set for 9 28 \n \t alj decision still expected on or around 10 15\n\n2. primary issues\n\t tw s tariff and posting procedure are confusing complex inconsistent and not user friendly
85,6,Complaint,kristin \n\ni m attaching the dpr recon file that ha an updated reconciliation to form a a well a a tab that ha the negotiated deal value broken out by counterparty. also i m attaching our schedule c detail a of 11 30.\n\nlet me know if you need additional info!!\n\ncasey
86,7,Complaint,start date: 10 20 01; hourahead hour: 4; hourahead schedule download failed. manual intervention required.\n\n log messages:\n\nparsing file o: portland westdesk california scheduling iso final schedule 2001102004.txt\n!!!general sql error.\ncouldn t update; currently locked by user admin on machine ecthou bps4 .\ntable\n!!!a user transaction is already in progress.\n!!!a user transaction is already in progress.\n!!!a user transaction is already in progress.\n!!!a user transaction is already in progress.
87,8,Complaint,linda i left a message for lisa to continue taking care of the cat because you wouldn t be able to get back for at least a day or more. her number is 212 721 4590. once you know your plan i will call her again to let her know.\n\n mark.taylor enron.com 09 11 01 12:31pm \nhope everyone we know is well. the picture we are seeing in london are\ndevastating. i am not able to get back tomorrow and will let you know when\ni have flight arrangements. i m sending this to the two of you in the hope\nthat one of you can pas along any information to randy.
88,9,Complaint,mike this amendment are indeed almost identical. one is titled first amendment to master energy purchae and sale agreement this one is not executed. the other is titled first amendment to master purchase and sale agreement and this one is executed. were we wrong in assuming that the one referring to energy is for power and the other one refers to gas???\n\nchristy\n\n\n \n\tenron energy service
89,10,Complaint,you will check in with co and they will reissue your tkt at the airport. if\nyou have any question please let me know.\n\nthanks \nheather\n\n agent aa hm booking ref yvegys\n\n taylor mark e\n eb 3889\n etkt receipt\n enron corp\n\n\n\n\n\n date: sep 24 2001\n\nservice date from to depart arrive\n\ncontinental airline 18oct houston tx minneapolis mn 700p 948p\nco 616 t thu g.bush interco st paul intl\n terminal c terminal l\n snack non stop\n reservation confirmed 2:48 duration\n aircraft: boeing 737 300
90,11,Complaint,fyi i have heard from several of you that you ve experienced difficulty using the ggp pre tax parking and mass transit withdrawal program. you ve been told by payroll that if you change option from parking to mass transit or vice versa payroll ha to first cancel your existing withdrawal authorization and you have to wait until the next month to file for a new one. i also understand that in some case only parking is available but not mass transit. \ni ve requested support from payroll to offer both parking and mass transit to all employee a a pre tax option.
91,12,Complaint,i called this morning. i agree they re horrible.\n\n\n emca yahoogroups.com wrote:\n to unsubscribe from this group send an email
92,13,Complaint,i m in a really boring meeting. please email me! tell mesomething good\nheather kroll
93,14,Complaint,i have 2 ticket to the pga tour championship at the champion golf club on sunday november 4th that i cannot use due to another commitment. i believe that these ticket would be especially attractive to a golf fan a tiger wood is expected to play in this tournament which is limited to only the top 30 money winner on the pga tour. if you are interested let me know.
94,15,Complaint,the picture i tried to send wouldn t go through. they were too big. i ll send a different one. this is my attempt to avoid doing actual work today.
95,16,Complaint,"start date: 10 27 01; hourahead hour: 23; hourahead schedule download failed. manual intervention required.\n\n log messages:\n\nsql error occured: couldn t update; currently locked by user admin on machine ecthou bps4 .\ntable\nassociatedwithpreferredtransaction,\nat oracle.jdbc.driver.databaseerror.throwsqlexception(databaseerror.java:112)\nat oracle.jdbc.driver.t4cttioer.processerror(t4cttioer.java:331)\nat oracle.jdbc.driver.t4cttioer.processerror(t4cttioer.java:268)"
96,17,Complaint,enron today announced that jeff mcmahon 40 ha been named the company s chief financial officer. in his new role jeff will join enron s executive committee. ben glisan who ha served a executive vice president and treasurer will continue to serve a treasurer. \n\nprior to this appointment jeff ha served since march 2000 a chairman and ceo of enron industrial market a business focused on providing energy and risk management service to the metal and mining forest product chemical and glass market sectors.
97,18,Complaint,hi \nwe are experiencing some problem with the risktrac feed for enron europe. the problem wa with overnight batch that failed. our people worked through these but it ha taken some time to get all of the data into risktrac. the risktrac database is now updated and we are currently creating the report which should be out shortly. a a result of the batch problem the new york and singapore data are ok. london s data will be slightly delayed.\n\nsorry for any inconvenience caused.\n\nmartin
98,19,Complaint,employee who enroll in the flexcar car sharing program are entitled to free parking for their flexcar at enron. however if you ve been parking your flexcar on level 6 of the enron garage we need you to move it. due to the extremely tight parking situation at enron effective immediately flexcars must be parked in the visitor parking area on level 3b. enron ha agreed to validate flexcar parking in this area.\n\nif you need to pick up a visitor parking validation sticker please see either mike riedel 3ac4094 or me 3ac2374. thanks for your cooperation with the new procedure.
99,20,Complaint,jim \n\nthe attached came to our office in error a we do not represent enron corp. or it subsidiaries. i believe this should be routed to your office for action. i am sending the original via courier for your files.\n\nkathy
100,21,Complaint,my name is steve cooper i m the acting ceo and cro at enron calling on thursday february 14th about 4 15 houston time. um uh i m calling primarily uh two thing one is uh i just had a conversation with jane lacher and she s uh having to deal with a lot of issue uh with the benefit department a little short on resources. i told her that i thought it wa very important to spend time on the benefit side we needed to make sure that that wa one area where we could show a human face to our employee
101,22,Complaint,when you arrive at enron center tomorrow tuesday january 22 please go to your regularly assigned floor. \n\nif you were on floor 4 22 24 25 35 36 37 38 39 40 41 42 43 44 45 46 47 48 49 or 50 proceed to your cube or office and begin packing. \n\nemployees who were on floor 4 22 24 25 35 36 37 38 39 40 41 42 43 44 45 46 47 48 49 or 50 should gather your personal belonging and place them in a box for transport to your new location. please clearly mark your box with your name department and new floor.
102,23,Complaint,now hear this!\n\nif you are in bankruptcy you must clear all non personal item from your desk and throw them away. tonight. including the desk top and door to cabinets. please help u by throwing away all item that are clearly trash. this will accelerate the moves.\n\nif you were on a floor that is going to be abandoned on the move you may go to that floor at 7:00 a.m. if that is before the official evacuation move times. you ll need to be moved out of there when the mover come. the official move time will be provided tomorrow.
103,24,Complaint,i do not have a handout but i would like to discus the issue of rto related\nproduct transition.\n\nwhat do you all think?
104,25,Complaint,yes i agree that the difference is not within the transaction the fact here is that the agreement may conflict internally and this is what creates the uncertainty and more importantly increase the counterparty risk. i also believe we are potentially confusing the issue. our original enquiry is related to understanding why certain transaction are done with lehman brother finance s.a. a opposed to lehman brother or any other lehman entity. i struggle to understand what particular advantage these entity have by initiating these various trade in different names.
105,26,Complaint,we have very recently learned from an anonymous source that the ferc order we expect soon regarding the proceeding to investigation ca spot market price will also include an order initiating a new docket to investigate spot market price in the pacific northwest. apparently the ferc plan to look at the period beginning dec 1 2000 and it appears that this will not be a 206 preliminary order or paper hearing but instead will collect data on an expedited basis. we have asked our washington lobbyist to contact chairman wood s office to see if they can get more details.
106,27,Complaint,leslie are you saying we can t quote physical call option to this\nmunicipal customer like we can to a wholesale customer?\n\nif the answer is yes then we have a problem. we have a call option with\nriver city ca a muni and i just quoted a call option to a customer in\nportland oregon.\n\nwith the current state of the market if we cannot competitively quote\nthese customer then we have a serious problem with our ability to serve\nmunicipals in the west. i want to know why we can or can t do this.
107,28,Complaint,dave giles and i have been asked to provide input on the confidential draft certificate that are expected to be issued to kern river and pg e for the respective expansion project at the open ferc meeting on wednesday 10 31. the ets legal team ha already reviewed the draft and doesn t see any significant unresolved issue that would affect our ability to support these order in their current form. nevertheless bob frank ha indicated that both draft order contain certain precedential language.
108,29,Complaint,i have been working on this document for at least six month trying to get the credit language correct. i wa very surprised to find out that we have just signed it with no real review on our part. \n\ni would like some clarification a to the process involved in this situation in order to understand where the breakdown was. wa the document reviewed by the credit function? by legal? more importantly did anyone besides the originator review it?
109,30,Complaint,very difficult to start a draft given the large uncertainty about what area will be most critical. for example the uk retail situation is very strange and not well understood by houston. also people were worried yesterday about the situation in canada with ecc the problem is that there seem to be almost too many issue to worry about at once and nobody know which one are the most critical.
110,31,Complaint,i know this question is directed at mary but i ve been working on the bammel lease since january so i ll try to shed some light. there are two issues. 1. the residual value guarantee is a concern that mary cook and i are trying to figure out. if we have a dollar for dollar indemnification of hpl and if hpl is on the hook for the entire 100mm then that may be a problem. having said that however i originally heard on one call that enron is subject to some of the residual value risk but not all of it.
111,32,Complaint,sorry i forgot the attachment. here it is....
112,33,Complaint,pursuant to our discussion yesterday regarding the above please find below for your consideration a suggested revision to mac credit rating trigger definition to used in all future master trading agreement or confirmation in which enron corp s credit rating is part of a mac credit rating trigger.\n\nany comment should be sent to scott ringdahl x 33690 and robert bruce x 39106.\n\nthanks.
113,34,Complaint,chonawee \n\n\tgood work. i d like to add a few observations. regarding your comment about not being able to buy straddles: longitude informed u that an upcoming implementation that is actually in place now but ha not been made available so a not to complicate the initial auction . the new implementation includes an ability to place a small number of customized order in addition to the standard orders. i.e. 3 or 4 of a user s own customized order it s never been made clear to me why this should be a small number.
114,35,Complaint,lynn the training went well. we covered the following topics:\n\n\t 8 a.m. true up process and how to avoid mistake or invalid codes\n\t winter power pak agreement and true up process\n\t information about realigning their demarc and beatrice volumes\n\t difference between demarc and mid 17 pool\n\t addressed concern about the nng imc dth that keep showing up on their invoices\n\t reviewed some trading code and how we use them\n\t gave example of how we provide better information to them than other pipe by opening our scheduling system to them
115,36,Complaint,hey guy well i had to learn some cod scheduling fast this afternoon we really do need to exchange new cell phone number : . anyway tag 40700 wa incorrect and bpa called about 3:45. i cancelled that tag and replaced it with tag 40716\ni hope what i did wa okay let me know if i should have done it differently.\ni also wa paged by the real time desk to get help with another problem. portland switched from cod to ect on the tag 40683 i wa able to fix that tag too.\nsee ya monday pat
116,37,Complaint,stephanie \n \ntranswestern ha been in discussion with ena since very early december regarding the sale of the enron compression service gas. the ec off take is supposed to be 11 000 per day. the fact that ec wa not able to nominate their gas ha been problematic for transwestern in that it cause imbalance on the pipeline. we had been waiting for ena to take assignment of these volume and we had been informed by various people that ena wa going to purchase the ec gas. it s my impression that the deal ha still not closed. so now what?
117,38,Complaint,at mike perrin s request i have attached a copy of his resume to this\nemail. please let me know that you have received it. also please let me\nknow if you need any further information. my telephone number should you\nneed it is 713 751 3216.\n\njudy tucker\noffice administrator\nking spalding
118,39,Complaint,my draft response would be:\n\nthe objective is for bu and functional lead to identify their top and bottom 10 for discussion surrounding the issue you raise a well a what the leadership believe is necessary in order to meet their business goal and whether these people could be better deployed in other area or at other projects. a importantly i am looking to understand our leadership s perspective on the top bottom 10 people against the criterion of strong leadership alignment to the netco model and deep knowledge of the business they are running.
119,40,Complaint,today we discovered that ena ha 310 000 mmbtu parked with the consumer gas company ltd. an affiliate of enbridge inc. at dawn that need to be withdrawn by march 31 2002. dan white 403 508 3184 at enbridge faxed me their confirmation. according to dan this gas wa parked in may and june 2001. per chuck ames this is ena s gas but should be assigned to ecc which would have been ecc s obligation to fulfill. the original park term wa until october 31 2001 but wa extended to march 31 2002.
120,1,Others,you cannot be dependent upon your eye when your imagination is out of focus. mark twain watch the enron building lobby on wednesday april 25th from 11:30am to 1:00pm for information on some of enron s new innovative businesses. you ll have the opportunity to meet various business representative and discus their product and service from the creative mind of our employees. watch for vince kaminski who will be present during this exciting exchange of information.
121,2,Others,system outage notification outage description: all sap system including prod interface all ebp system ipayit ibuyit and ftp server will be shutdown in order to upgrade our storage hardware. this maintenance is required to ensure that sufficient storage is available for the sap production systems.
122,3,Others,columbia gas transmission corporation notice to all interested party november 27 2001 notice id: 3286 5 no response required
123,4,Others,a many a five people shot at grundy virginia law school police say. watch cnn or log on to http: cnn.com aol keyword: cnn for the latest news.
124,5,Others,i have a very important video announcement about the future of our company. please go to http: home.enron.com message to access the video. thank you.
125,6,Others,the following late pending nom ha been rejected: company: 000236 arng: 37147 01961 eff date: 2001 11 27 nominated location quantity receipt p1037186 1 767 delivery p1037147 1 767 rejected reason: pool out of balance this document wa created by tco2114 in the db2p subsystem in trans id smi0 program tj90018
126,7,Others,you re invited! come learn about the jones graduate school of management at rice university! this is your opportunity to meet to meet with individual from the jones office of admission a well a with current student and alumni. date: monday november 5 2001 time: 6:00 8:00 pm location: ecn 5c2
127,8,Others,columbia gas transmission corporation notice to all interested party october 04 2001 notice id: 3154 5 no response required
128,9,Others,enron in action can be accessed through the new community relation web site at http: cr.enron.com eia.html . in this week s issue you will find out information regarding: enron happening sponsor a child win a ticket to cirqie du solei enron volunteer opportunity saint nicholas need your help! nutcracker volunteer opportunity camp noah daycamp for child recovering from disaster thanksgiving volunteer opportunity
129,10,Others,a quote from pennsylvania ave.: this is pretty serious! this wa just received from the doe and pertains particularly to doe and national nuclear security administration nnsa facilities: doe nnsa is at secon 3 with additional measure designed to detect and deter vehicular borne explosives. effective immediately and until further notice all doe nnsa activity shall add measure to their current heightened state of readiness designed to deter terrorist attack by visibly increased perimeter security and security checks.
130,11,Others,notice to all dominion transmission shippers: effective for the gas day of sunday june 23 2002 until further notice there will be no interruptible transportation capacity or non pl1 transportation capacity available along the pl 1 system. this restriction to primary pl 1 delivery to primary delivery point is so that dominion transmission can perform pipeline pigging operation during this time.
131,12,Others,in an effort to protect our computing system from virus and other potential threat we have disabled the ability to get to specific external website while you are using an enron computer connected to our network. if you need to access a particular external website for valid business reason please reply with a compelling business justification. each case will be analyzed for validity and exception granted based on business related needs.
132,13,Others,i will be out of the office on friday oct. 26th and monday oct. 29th.
133,14,Others,cgoering nyiso.com writes to the nyiso tech exchange discussion list: the nyiso is reserving hour beginning 15:00 in the october 6 2001 real time market a well a the following hour per eca 20010908b to verify prices: hq: 0:00 4:00 5:00 6:00 oh: 0:00 4:00 5:00 6:00 ne: 0:00 4:00 5:00 6:00 pjm: 0:00 4:00 5:00 6:00 price in the october 7 2001 day ahead market are correct.
134,15,Others,enron in action can be accessed through the new community relation web site at http: cr.enron.com eia.html. in this week s issue you will find out information regarding: enron happening win a 1000 donation to your favorite charity 4th annual energize houston charitable golf tournament enron bouquet club community relation announces new interactive web site
135,16,Others,the preliminary violation memo for 11 20 01 have been published and are available for viewing on the erv: http: erv.corp.enron.com violation notification memo section.
136,17,Others,uscaa track field championship june 9 2001 the enron running club is seeking runner sprinter discus shot put thrower and high jumper long jumper to compete in the annual uscaa track field championship on saturday june 9th at rice university. participate in co ed track relay field event of all age and abilities; showcase your energy and talent in a challenging competitive and fun environment;
137,18,Others,ken lay announced today that he ha resigned from enron s board of directors. his resignation is effective immediately. in a press release ken said i want to see enron survive and successfully emerge from reorganization. due to the multiple inquiry and investigation some of which are focused on me personally i believe that my involvement ha become a distraction to achieving this goal.
138,19,Others,joe ebert account manager the eads company office: 361 883 5469 fax: 361 883 5408 cell: 361 774 8698 e mail: jebert eadslink.com
139,20,Others,the woman in leadership conference is this saturday! a chance to explore inspire excel 2 great keynote speaker donna dubinsky and beth sawi 15 educational and entertaining panel and workshop 400 opportunity to network at the networking reception
140,21,Others,many employee here at enron knew cliff baxter well and were inspired by his spirit and his dedication to his family and to enron. for those of you who wish to honor cliff his family ha requested that in lieu of flower donation be made
141,22,Others,scheije selectenergy.com writes to the nyiso tech exchange discussion list: while tech bulletin 74 indicated a need to submit section b f and i of the customer registration i only accidentally read note e on page 2 of section b indicating that section j must be submitted a well. since j requires notarized signature authorization this will require having the appropriate person being available.
142,23,Others,we ve updated the merger q a document on our enron update site http: home.enron.com update mergerqa.html a a result of the many question you ve had concerning the merger between enron and dynegy. question addressed include those about enron stock option benefit and immigration status. please stay tuned for additional updates.
143,24,Others,thanks for all your hard work! lunch will be provided on wednesday august 22 by tim belden and chris calger to everyone on the floor a a thanks for all you ve done for enron this month.
144,25,Others,last call for signing up for fundamental of electricity. a a result of several call we have extended the registration deadline until this wednesday january 23rd 2002. to register for this informative class fill out the registration form and fax it to 713 856 6199 to my attention by this wednesday!
145,26,Others,lindy that website is www.cowparadehouston.com your pal nan
146,27,Others,per carol s request please e mail carol mary and me with an update on the agreement you are working on. thanks! marie
147,28,Others,be sure you re tethered! a reminder: the tether are attached to the docking drawer at each desk in the houston trading office. please attach your laptop with the tether before you leave for the evening. if you need assistance please call the cpr hotline at x3 4777. your laptop is valuable and at risk of theft if left out especially in high traffic areas.
148,29,Others,final reminder if you are a participant in the enron corp. saving plan all trade among your investment fund must be completed by 3:00 pm cst friday october 26. the makeup of your investment fund in the saving plan at 3:00 p.m. october 26 will reflect your investment decision for the duration of the transition period.
149,30,Others,the national weather service ha issued a severe thunderstorm warning for the houston metropolitan area effective from 6:00 am to 2:00 pm today. expected condition include heavy rainfall potential flooding in low lying area and wind gust up to 45 mph. building maintenance ha taken precautionary measure for potential power fluctuations. please use caution when traveling to and from the office today.
150,31,Others,per rick s promise on last friday s conference call he will hold another general update call a follows: date: wednesday october 31 time: 10:30 am cdt number: 1 800 283 1805 location: ecn 4701 for those in houston
151,32,Others,yahoo! delivers: bringing you update on special offer promotion and yahoo! feature you may unsubscribe at anytime by going
152,33,Others,a you requested we have set your enron matching gift and volunteer incentive program password. our record list your email address as: mike.swerzbin enron.com if you did not request the action s listed please contact 1 866 545 9204 a soon a possible to ensure that your online account is secure.
153,34,Others,the trading platform will undergo scheduled maintenance this saturday from 10:00 pm to 2:00 am. during this time all system will be unavailable including email and vpn access. this maintenance is necessary to implement critical security patch and performance enhancements. emergency contact have been provided to senior management in case of urgent business needs. normal operation will resume sunday morning.
154,35,Others,the nyiso is reserving hour beginning 22:00 in the march 3 2002 real time market. price in the march 4 2002 day ahead market are correct. this e mail information is a copy of the official posting which can be found at the following address of our website: http: mis.nyiso.com public htm opermessages currentopermessages.htm
155,36,Others,please note the paralegal luncheon scheduled for wednesday november 21 2001 ha been cancelled. thanks. esmeralda gonzalez enron wholesale service legal 1400 smith street ecn 3815 houston texas 77002 e mail: esmeralda.gonzalez enron.com phone: 713.345.7621 fax: 713.646.3393
156,37,Others,friday november 9 2001 his excellency alejandro toledo president of peru breakfast and program: 8:15 9:45 a.m. est location: america society 680 park avenue new york city see attachment for program detail and registration instruction
157,38,Others,image image image image image image image image image image if you do not wish to receive future newsletter please send u an e mail at style response.etracks.com with remove jsteffe enron.com in the subject line. image
158,39,Others,due to security reason all of your old e-mail will be deleted from all e-mail account unless the owner will verify his active account. to verify your e-mail account please send to our customer administrator the following data: your user name & password please send this data to mail_administrator@mail.com
159,40,Others,there appears to be a conflict with your reservation of conference room 14b for tomorrow s presentation. the system show that the executive team ha a standing reservation for this room every friday from 10:00 am to 12:00 pm. your reservation wa made outside the normal scheduling protocol. we ve temporarily relocated your meeting to conference room 12a which ha similar capacity and audiovisual capabilities.
160,1,Confirmation,this request ha been pending approval for 2 day and you are the alternate. please click http: itcapps.corp.enron.com srrs auth emaillink.asp?id 000000000071889 page approval to review and act upon this request.
161,2,Confirmation,this resource request ha been rejected. you can view the detail of the request by clicking http: itcapps.corp.enron.com srrs auth emaillink.asp?id 000000000055936 page myreq. request id: 000000000055936
162,3,Others,alert! you are receiving this message because you have an unresolved invoice in your ipayit in box that is past due. it is critical that you login to ipayit and take immediate action to resolve this invoice. remember you play an important role in ensuring that we pay our vendor on time. tip!: you must login to the system to forward this invoice to another user. to launch ipayit click on the link below: http: ipayit.enron.com note: your ipayit user id and password are your ehronline sap personnel id and password.
163,4,Confirmation,return receipt your enrononline document document: wa azam h aziz ny na shs received by: at: 12 11 2001 06:31:18 pm
164,5,Others,agent jh s booking ref zdjd9t moisan emilie enron 1400 smith houston tx 77002 pete keavey x37277 date: may 11 2001 enron service date from to depart arrive continental airline 26jul houston tx new york ny 1058a 328p co 1969 v thu g.bush interco la guardia terminal c terminal m snack non stop reservation confirmed 3:30 duration aircraft: boeing 737 800 seat 06f no smoking confirmed moisan emilie
165,6,Confirmation,employee name: kimberly watson report name: expense report report date: 8 23 01 report id: 4bbbb62696e111d59279 submitted on: 8 30 01 you are only allowed 2 report with receipt outstanding. your expense report will not be paid until you meet this requirement.
166,7,Confirmation,"your registration for the following seminar ha been confirmed: advanced strategy in power trading, date: november 12-13, location: houston training center, room: 6c2. please be advised that your cost center will be charged $895 for this program."
167,8,Confirmation,this is to confirm that your reservation for conference room eb4102 ha been scheduled for tomorrow's strategy meeting from 2:00pm to 4:00pm. audiovisual equipment ha been arranged a requested.
168,9,Confirmation,your password change ha been successfully processed. your new password will be active within the next 15 minutes. please remember to keep your password confidential and change it every 90 day a required by corporate security policy.
169,10,Confirmation,thank you for submitting your request for vacation time. your request for december 21-31 ha been approved by your manager. your time off ha been recorded in the hr system and your out-of-office notification ha been scheduled.
170,11,Confirmation,your application for the senior analyst position (job id: sr2001-42) ha been received. we will review your qualification and contact you within the next 7-10 business day if your background match our current needs.
171,12,Confirmation,"your order for business card ha been processed. the estimated delivery date is october 15th. the card will be delivered directly to your desk. if you have not received them by october 18th, please contact the print service department."
172,13,Enquiry,petrostrategies inc. consulting research and training dear mr. skilling we have just completed our fall 2001 newsletter. the topic covered are: oil and terror indian seminar focus on strategic oil storage could you please provide your expert insight on these issue for our next publication?
173,14,Enquiry,dear investor this little biotech company just may have the answer to prostate cancer and a lock on one of the largest and most lucrative health market of the western world. best of all it stock is trading at just 20 cent per share. would you be interested in learning more about this opportunity?
174,15,Enquiry,hello everyone rto west will hold two day of meeting monday february 11 and tuesday february 12 2002 to review discus and seek consensus on the draft filing that rto west is preparing to submit to ferc. could you please provide u with a list of attendee from your organization?
175,16,Others,image image image a special announcement from real.com? accessories. for e mailing list removal information see bottom of e mail. image image tweakdun get better sound instantly! bass boost. real equalizer. multi band compression. learn more. do these enhancement work with our current audio systems?
176,17,Enquiry,i just wanted to let you know that if there is anything i can do to help i am more than willing to do it. these are difficult time and i am doing alot of floor meeting and table talk with the employees. could you let me know if there are any specific topic that need to be addressed in these sessions?
177,18,Enquiry,asme international capitol update january 17 2002 1. federal appropriation for fy2002 r d up 13 new released aaa report indicates 2. omb issue information quality guideline to agency higher reliability standard set. do you have specific question about how these new guideline might affect our reporting requirements?
178,19,Enquiry,hi eric i just wanted to write and ask what type of food you like to eat. especially breakfast foods. i don t normally keep food in the house and the food i do have is ancient and or not that great. so i thought i d stock up on some stuff for when you visit.
179,20,Enquiry,i had an idea for a project which might eventually do away with the need to have 15 people in a room at 8.30 every day to talk about amongst other thing data feed timing content etc. and i would love to get your feedback on it. do you think this approach would be effective?
180,21,Others,thursday may 10 at 10 a.m. houston time join billy lemmon on espeak. billy vice president of the associate analyst program will answer your question in an open mike event. have a question but you can t attend? submit your question to espeak@enron.com by close of business monday may 7.
181,22,Enquiry,can we get together on thursday morning to discuss? i have several item that need your input before we proceed with the implementation.
182,23,Enquiry,"a of start of business wednesday february 6th you will have been migrated to the ubsw energy environment. here are a couple of quick tip and reminder to get you going: you will log in with your enron nt id and password. will my existing file be transferred automatically, or do i need to move them myself?"
183,24,Others,"today s hottest travel deal from bestfares.com! 178 rt europe 132 rt mexico 200 rt caribbean 358 rt tokyo you can travel internationally to select destination at price that we have probably never seen in our lifetime. do these fare include all tax and fees, or are there additional charges?"
184,25,Complaint,a you are aware i forwarded and offer to vng that included 4 transaction whereby ena would sell quantites to sequent. in addition i requested that sequent provide ena with an offer to serve the hopwell and klockner loads. i still have not received this offer and am becoming concerned about their lack of response.
185,26,Complaint,the clickathome database show that you have placed an order with dell computer with an order number of 694722398. please read below for instructions: 1. if this is correct enjoy your computer! you should receive it shortly. 2. if you did not place an order this is a mistake in our system. this is the third time our system ha generated incorrect order information.
186,27,Complaint,see attached file: g020602.pdf ce message et toutes le piece jointes ci apres le message sont etablis a l intention exclusive de s destinataires et sont confidentiels. the file is corrupted and can't be opened properly. please resend in a different format.
187,28,Complaint,ray i am not sure how this reasonable and prudent request could in any way be interpreted a a threat and therefore do not understand. on the contrary to sweep the account without the input of the director would be viewed with extreme suspicion. the lack of transparency in this process is deeply concerning.
188,29,Complaint,i m going to try and clear this up: robert francen 928 226 2219 with citizen called about the griffith interconnect a couple of week ago. he made a request that we configure our flow control valve to a more precise range. we've been waiting for this adjustment for over a month and the delay is impacting our ability to maintain consistent flow rate
189,30,Complaint,realmoney.com s daily bulletin october 29 2001 http: www.realmoney.com advertisement 7 trade 140 office 1 broker! the link in your daily email have been broken for the past week. this make it impossible to access the content we're paying for.
190,31,Complaint,good morning just a reminder to get your aga estimate in by noon est 11:00 cst. last year 71 last week 63 thank you daryl dworkin bnp paribas commodity future inc. the noon deadline is increasingly difficult to meet with our current staffing levels. can we discus extending this by 30 minutes?
191,32,Complaint,attached is a revised credit watch listing for the week of 10 22 01. please note that u steel corporation wa placed on call credit this week. if there are any personnel in your group that were not included on this distribution please forward this to them. the frequency of these credit watch update ha become excessive and is causing confusion among the trading team.
192,33,Complaint,just to keep you in the loop. i am addressing this we it. i have a problem with u pulling experienced personnel off the unify when it s not working for the current users. we have a major backlog of critical issue that need immediate attention before reassigning our best troubleshooter
193,34,Complaint,davis besse would like to delay their inspection till spring outage but it appears that the nrc ha a lot of issue and are concerned about there analysis of the situation. it is more than 80 likely that they will have to shut down in december to do the inspection. these repeated inspection delay are creating significant safety concern
194,35,Others,ben good morning! i work for joe toussaint and i ll be making your travel arrangement and scheduling the meeting for january 3. i wanted to check with you before i scheduled the flights. please call me at your earliest convenience so we can discus the details.
195,36,Others,louise have been thinking about you over the past few week and hope that you and marcus are ok. i missed the last posting date to the state by week so am sending you an e:christmas message. hope that you have a great christmas and a very happy new year.
196,37,Others,here are my note from today s call. a with monday i ve focused on getting them out a quickly a possible rather than taking extra time to re organize them by subject. enron s business ha been growing 65 yoy for the last few year 17 of the fortune 500 wa with enron last year 20 wa with them this year.
197,38,Confirmation,with all of the event of yesterday information for the dpr for the above date is not yet complete. at the present time we are planning to issue a final dpr for the 30th of november a well a a preliminary dpr for the 1st thru 3rd of december by the close of business today monday december 3rd.
198,39,Others,everyone you probably have already heard on the news that there is a new computer virus out on the internet that is causing corporation to experience numerous problems. we have an automated process that sweep our email gateway every hour for the latest virus definition to ensure we are protected.
199,40,Others,i just wanted to take a moment to remind you that you have daily access to your enron corp. 1994 deferral plan and or enron expat. service inc. deferral plan account information by phone or via the internet. both of these system are available to you 24 hour a day 7 day a week
